商品ID,商品名,種類ID,種類名,説明,価格,税率,在庫数,公開状態,表示順,種類在庫数,画像1,画像2,画像3,画像4,画像5,画像6,画像7,画像8,画像9,画像10,画像11,画像12,画像13,画像14,画像15,画像16,画像17,画像18,画像19,画像20
,ヴィンテージ スターリングシルバー925 バンデッドアゲート 縞瑪瑙 8号 STERLING メーカーズマーク オーバル レディースリング ピンキー,,,"#yukiアクセサリー

美しいコントラストを描く、黒と白の縞模様が目を惹くヴィンテージリング。
滑らかなオーバル型のストーンを、透かし彫りが施された装飾的なシルバーの石座が包み込むエレガントな造形。
小ぶりなサイズ感ながら、指元でモダンかつミステリアスな存在感を放つ。

●サイズ
約 8号
内径 約15.7mm

トップ 縦約18mm × 横約14mm
シャンク幅 約2.0mm

●重量
約 3.9g

●素材
シルバー（STERLING）
ブラック ＆ ホワイト系ストーン

●刻印
STERLING
メーカーマーク

【コンディション】
長年の着用に伴う小傷やシルバー特有のくすみはあるものの、ヴィンテージ特有の素晴らしい雰囲気。
これからも長く愛用できる、申し分のないコンディション。

【安心保証】
安心してご購入いただけるよう、商品に不備がございましたら到着から5日以内にご連絡ください。
全額返金させていただきます。
※撮影用小物は付属対象外となります。

〇管理番号 131_0514
D53687_811

ヴィンテージ スターリングシルバー925 バンデッドアゲート 縞瑪瑙 8号 STERLING メーカーズマーク",10000,10,1,0,,,,,,,,,,,,,D53687_811_11.jpg,D53687_811_12.jpg,D53687_811_13.jpg,,,,,,,
,アメリカンヴィンテージ 17号 ゴールドメッキ リング レッドストーン 紋章 カレッジ シグネット 無骨 17.7g メンズリング 指輪,,,"#yukiアクセサリー

重厚な存在感を放つアメリカンヴィンテージリング。
深みのあるレッドストーンがオーバルフェイスに鎮座し、両サイドには精緻で力強い紋章（シールド・クレスト）モチーフが立体的に彫り込まれている。

約17.7gという圧巻の重量感があり、指元に圧倒的なインパクトを与える無骨なデザイン。
合金ベースにゴールドメッキが施されており、長年使い込まれることで生じたメッキの擦れや退色が、ヴィンテージならではの退廃的で渋いオーラを醸し出している極上のピース。

●サイズ
約 17号
内径 約18.4mm

トップ 縦約20mm × 横約16mm
シャンク幅 約6.5mm

●重量
約 17.7g

●ブランド
アメリカンヴィンテージ

●素材
合金
ゴールドメッキ
レッドストーン

【コンディション】
長年の着用に伴う全体的な小傷やゴールドメッキの薄れ・剥れが見受けられるが、これこそがリアルな歴史を生き抜いてきたヴィンテージリングだけが纏う究極のエイジング。
ストーンに目立つ割れなどはなく、これからも気兼ねなく日常でガシガシと使い倒せる頼もしい状態。

【安心保証】
安心してご購入いただけるよう、商品に不備がございましたら到着から5日以内にご連絡ください。全額返金させていただきます。
※撮影小物は付属対象外となります。

〇管理番号 0609
C13301_851",13600,10,1,0,,,,,,,,,,,,,C13301_851_11.jpg,C13301_851_12.jpg,,,,,,,,
